group,score,n,mean,std,min,p25,median,p75,max
member,neg_loss,290506,-0.406287282705307,0.929121732711792,-27.63102149963379,-0.48306816816329956,-0.21481630206108093,-0.09909551590681076,0.0
member,confidence,290506,0.7854883670806885,0.14198561012744904,0.3071681559085846,0.6763218641281128,0.814584493637085,0.906566321849823,1.0
member,neg_entropy,290506,-0.5032793879508972,0.21544304490089417,-1.4146676063537598,-0.6669803857803345,-0.5196371674537659,-0.3397577106952667,-1.6578612094253486e-10
member,modified_entropy,290506,-0.4063660502433777,1.5992348194122314,-55.26206588745117,-0.35349804162979126,-0.0772971659898758,-0.016704630106687546,-6.99982313612476e-24
nonmember,neg_loss,290506,-0.45053941011428833,1.2116940021514893,-27.63102149963379,-0.5009952187538147,-0.2204444706439972,-0.10064616054296494,0.0
nonmember,confidence,290506,0.7844943404197693,0.14220687747001648,0.3142012059688568,0.6750869750976562,0.8128763437271118,0.9058265089988708,1.0
nonmember,neg_entropy,290506,-0.5050279498100281,0.21634912490844727,-1.4215041399002075,-0.66841059923172,-0.5223904252052307,-0.3418646454811096,-1.6578612094253486e-10
nonmember,modified_entropy,290506,-0.48177167773246765,2.166411876678467,-55.26206588745117,-0.37719032168388367,-0.0813063308596611,-0.017282608896493912,-6.99982313612476e-24
